bill,date,url,name,position
SB51,"Wed, Mar 8, 2017",http://www.kslegislature.org/li/b2017_18/committees/ctte_h_hhs_1/documents/testimony/20170308_06.pdf,Katie Whisman,Proponent
SB51,"Wed, Mar 8, 2017",http://www.kslegislature.org/li/b2017_18/committees/ctte_h_hhs_1/documents/testimony/20170308_05.pdf,Alexandra Blasi,Proponent
SB52,"Wed, Mar 8, 2017",http://www.kslegislature.org/li/b2017_18/committees/ctte_h_hhs_1/documents/testimony/20170308_12.pdf,Nick Reinecker,Opponent
SB52,"Wed, Mar 8, 2017",http://www.kslegislature.org/li/b2017_18/committees/ctte_h_hhs_1/documents/testimony/20170308_10.pdf,Katie Whisman,Proponent
SB52,"Wed, Mar 8, 2017",http://www.kslegislature.org/li/b2017_18/committees/ctte_h_hhs_1/documents/testimony/20170308_09.pdf,Alexandra Blasi,Proponent
SB52,"Wed, Mar 8, 2017",http://www.kslegislature.org/li/b2017_18/committees/ctte_h_hhs_1/documents/testimony/20170308_03.pdf,Alexandra Blasi,Proponent
HB2027,"Wed, Jan 18, 2017",http://www.kslegislature.org/li/b2017_18/committees/ctte_h_hhs_1/documents/testimony/20170118_07.pdf,W. Ryan Neuhofel,Written Proponent
HB2027,"Wed, Jan 18, 2017",http://www.kslegislature.org/li/b2017_18/committees/ctte_h_hhs_1/documents/testimony/20170118_06.pdf,Josh Umbehr ,Written Proponent
HB2027,"Wed, Jan 18, 2017",http://www.kslegislature.org/li/b2017_18/committees/ctte_h_hhs_1/documents/testimony/20170118_05.pdf,Jared Johnson,Written Proponent
HB2027,"Wed, Jan 18, 2017",http://www.kslegislature.org/li/b2017_18/committees/ctte_h_hhs_1/documents/testimony/20170118_04.pdf,Rachelle Colombo,Proponent
HB2030,"Mon, Jan 23, 2017",http://www.kslegislature.org/li/b2017_18/committees/ctte_h_hhs_1/documents/testimony/20170123_09.pdf,Alexandra Blasi,Proponent
HB2030,"Mon, Jan 23, 2017",http://www.kslegislature.org/li/b2017_18/committees/ctte_h_hhs_1/documents/testimony/20170123_08.pdf,Jody Reel,Proponent
HB2030,"Mon, Jan 23, 2017",http://www.kslegislature.org/li/b2017_18/committees/ctte_h_hhs_1/documents/testimony/20170123_07.pdf,Michael Smith,Proponent
HB2030,"Mon, Jan 23, 2017",http://www.kslegislature.org/li/b2017_18/committees/ctte_h_hhs_1/documents/testimony/20170123_06.pdf,Robert Williams,Opponent
HB2030,"Mon, Jan 23, 2017",http://www.kslegislature.org/li/b2017_18/committees/ctte_h_hhs_1/documents/testimony/20170123_04.pdf,Sam Boyajian,Proponent
HB2030,"Mon, Jan 23, 2017",http://www.kslegislature.org/li/b2017_18/committees/ctte_h_hhs_1/documents/testimony/20170123_03.pdf,Ronald Hein,Proponent
HB2030,"Mon, Jan 23, 2017",http://www.kslegislature.org/li/b2017_18/committees/ctte_h_hhs_1/documents/testimony/20170123_02.pdf,Rachelle Colombo,Opponent
HB2030,"Mon, Jan 23, 2017",http://www.kslegislature.org/li/b2017_18/committees/ctte_h_hhs_1/documents/testimony/20170123_01.pdf,Dean Benton,Proponent
HB2031,"Tue, Feb 7, 2017",http://www.kslegislature.org/li/b2017_18/committees/ctte_h_hhs_1/documents/testimony/20170207_21.pdf,Kevin Walker,Written Proponent
HB2031,"Tue, Feb 7, 2017",http://www.kslegislature.org/li/b2017_18/committees/ctte_h_hhs_1/documents/testimony/20170207_20.pdf,Judy Davis-Cole,Written Proponent
HB2031,"Tue, Feb 7, 2017",http://www.kslegislature.org/li/b2017_18/committees/ctte_h_hhs_1/documents/testimony/20170207_19.pdf,Chad Austin,Written Proponent
HB2031,"Tue, Feb 7, 2017",http://www.kslegislature.org/li/b2017_18/committees/ctte_h_hhs_1/documents/testimony/20170207_18.pdf,Donna Bales,Written Proponent
HB2031,"Tue, Feb 7, 2017",http://www.kslegislature.org/li/b2017_18/committees/ctte_h_hhs_1/documents/testimony/20170207_17.pdf,Ernest Kutzley,Written Proponent
HB2031,"Tue, Feb 7, 2017",http://www.kslegislature.org/li/b2017_18/committees/ctte_h_hhs_1/documents/testimony/20170207_16.pdf,Rick Cagan,Written Proponent
HB2031,"Tue, Feb 7, 2017",http://www.kslegislature.org/li/b2017_18/committees/ctte_h_hhs_1/documents/testimony/20170207_15.pdf,Sky Westerlund,Written Proponent
HB2031,"Tue, Feb 7, 2017",http://www.kslegislature.org/li/b2017_18/committees/ctte_h_hhs_1/documents/testimony/20170207_14.pdf,James Covel,Written Proponent
HB2031,"Tue, Feb 7, 2017",http://www.kslegislature.org/li/b2017_18/committees/ctte_h_hhs_1/documents/testimony/20170207_13.pdf,Janis DeBoer,Written Proponent
HB2031,"Tue, Feb 7, 2017",http://www.kslegislature.org/li/b2017_18/committees/ctte_h_hhs_1/documents/testimony/20170207_12.pdf,C. Gregory Nelson,Written Proponent
HB2031,"Tue, Feb 7, 2017",http://www.kslegislature.org/li/b2017_18/committees/ctte_h_hhs_1/documents/testimony/20170207_11.pdf,Carolyn Gaughan,Written Proponent
HB2031,"Tue, Feb 7, 2017",http://www.kslegislature.org/li/b2017_18/committees/ctte_h_hhs_1/documents/testimony/20170207_10.pdf,Hilary Gee,Written Proponent
HB2031,"Tue, Feb 7, 2017",http://www.kslegislature.org/li/b2017_18/committees/ctte_h_hhs_1/documents/testimony/20170207_09.pdf,Steve Brunk,Proponent
HB2031,"Tue, Feb 7, 2017",http://www.kslegislature.org/li/b2017_18/committees/ctte_h_hhs_1/documents/testimony/20170207_08.pdf,Deedra Miller,Proponent
HB2031,"Tue, Feb 7, 2017",http://www.kslegislature.org/li/b2017_18/committees/ctte_h_hhs_1/documents/testimony/20170207_07.pdf,John Carney,Proponents
HB2031,"Tue, Feb 7, 2017",http://www.kslegislature.org/li/b2017_18/committees/ctte_h_hhs_1/documents/testimony/20170207_06.pdf,Miles Reimer,Proponent
HB2031,"Tue, Feb 7, 2017",http://www.kslegislature.org/li/b2017_18/committees/ctte_h_hhs_1/documents/testimony/20170207_05.pdf,Sharon Lynch,Proponent
HB2031,"Tue, Feb 7, 2017",http://www.kslegislature.org/li/b2017_18/committees/ctte_h_hhs_1/documents/testimony/20170207_04.pdf,Deanna Speer,Proponent
HB2031,"Tue, Feb 7, 2017",http://www.kslegislature.org/li/b2017_18/committees/ctte_h_hhs_1/documents/testimony/20170207_03.pdf,Karin Porter-Williamson,Proponent
HB2031,"Tue, Feb 7, 2017",http://www.kslegislature.org/li/b2017_18/committees/ctte_h_hhs_1/documents/testimony/20170207_02.pdf,Michele Longabaugh,Proponent
HB2044,"Thu, Jan 26, 2017",http://www.kslegislature.org/li/b2017_18/committees/ctte_h_hhs_1/documents/testimony/20170126_07.pdf,JoRita Hill,Proponent
HB2044,"Thu, Jan 26, 2017",http://www.kslegislature.org/li/b2017_18/committees/ctte_h_hhs_1/documents/testimony/20170126_06.pdf,Amy Campbell,Written Proponent
HB2044,"Thu, Jan 26, 2017",http://www.kslegislature.org/li/b2017_18/committees/ctte_h_hhs_1/documents/testimony/20170126_05.pdf,Mike Burgess,Written Proponent 
HB2044,"Thu, Jan 26, 2017",http://www.kslegislature.org/li/b2017_18/committees/ctte_h_hhs_1/documents/testimony/20170126_04.pdf,Dan Oblinger,Written Proponent
HB2044,"Thu, Jan 26, 2017",http://www.kslegislature.org/li/b2017_18/committees/ctte_h_hhs_1/documents/testimony/20170126_03.pdf,Kevin Dohrer,Proponent
HB2044,"Thu, Jan 26, 2017",http://www.kslegislature.org/li/b2017_18/committees/ctte_h_hhs_1/documents/testimony/20170126_02.pdf,Barbara Gibson,Proponent
HB2044,"Thu, Jan 26, 2017",http://www.kslegislature.org/li/b2017_18/committees/ctte_h_hhs_1/documents/testimony/20170126_01.pdf,Barbara Andres,Proponent
HB2045,"Tue, Jan 24, 2017",http://www.kslegislature.org/li/b2017_18/committees/ctte_h_hhs_1/documents/testimony/20170124_17.pdf,Rachelle Colombo,Proponent
HB2046,"Mon, Jan 30, 2017",http://www.kslegislature.org/li/b2017_18/committees/ctte_h_hhs_1/documents/testimony/20170130_18.pdf,Jeffrey Plagenhoef,Written Proponent
HB2046,"Mon, Jan 30, 2017",http://www.kslegislature.org/li/b2017_18/committees/ctte_h_hhs_1/documents/testimony/20170130_17.pdf,Jason Bolyard,Written Opponent
HB2046,"Mon, Jan 30, 2017",http://www.kslegislature.org/li/b2017_18/committees/ctte_h_hhs_1/documents/testimony/20170130_16.pdf,Ty Townsend,Proponent
HB2046,"Mon, Jan 30, 2017",http://www.kslegislature.org/li/b2017_18/committees/ctte_h_hhs_1/documents/testimony/20170130_15.pdf,Kathy Perryman,Proponent
HB2046,"Mon, Jan 30, 2017",http://www.kslegislature.org/li/b2017_18/committees/ctte_h_hhs_1/documents/testimony/20170130_14.pdf,"Damon ""Chris"" Dixon",Written Proponent
HB2046,"Mon, Jan 30, 2017",http://www.kslegislature.org/li/b2017_18/committees/ctte_h_hhs_1/documents/testimony/20170130_12.pdf,Sharon Niemann,Written Opponent
HB2046,"Mon, Jan 30, 2017",http://www.kslegislature.org/li/b2017_18/committees/ctte_h_hhs_1/documents/testimony/20170130_11.pdf,Trent Blackwill,Opponent
HB2046,"Mon, Jan 30, 2017",http://www.kslegislature.org/li/b2017_18/committees/ctte_h_hhs_1/documents/testimony/20170130_10.pdf,Jerry Campbell,Opponent
HB2046,"Mon, Jan 30, 2017",http://www.kslegislature.org/li/b2017_18/committees/ctte_h_hhs_1/documents/testimony/20170130_09.pdf,Benjamin Anderson,Opponent
HB2046,"Mon, Jan 30, 2017",http://www.kslegislature.org/li/b2017_18/committees/ctte_h_hhs_1/documents/testimony/20170130_08.pdf,Donna Nyght,Opponent
HB2046,"Mon, Jan 30, 2017",http://www.kslegislature.org/li/b2017_18/committees/ctte_h_hhs_1/documents/testimony/20170130_07.pdf,Paul Hertel,Opponent
HB2046,"Mon, Jan 30, 2017",http://www.kslegislature.org/li/b2017_18/committees/ctte_h_hhs_1/documents/testimony/20170130_06.pdf,Ron Hein,Opponent
HB2046,"Mon, Jan 30, 2017",http://www.kslegislature.org/li/b2017_18/committees/ctte_h_hhs_1/documents/testimony/20170130_05.pdf,Written,Written Proponent
HB2046,"Mon, Jan 30, 2017",http://www.kslegislature.org/li/b2017_18/committees/ctte_h_hhs_1/documents/testimony/20170130_04.pdf,Adam Striker,Written Proponent
HB2046,"Mon, Jan 30, 2017",http://www.kslegislature.org/li/b2017_18/committees/ctte_h_hhs_1/documents/testimony/20170130_03.pdf,Melanie Guthrie,Proponent
HB2046,"Mon, Jan 30, 2017",http://www.kslegislature.org/li/b2017_18/committees/ctte_h_hhs_1/documents/testimony/20170130_01.pdf,Rachelle Colombo,Proponent
HB2047,"Tue, Jan 31, 2017",http://www.kslegislature.org/li/b2017_18/committees/ctte_h_hhs_1/documents/testimony/20170131_05.pdf,Mike Burgess,Proponent
HB2047,"Tue, Jan 31, 2017",http://www.kslegislature.org/li/b2017_18/committees/ctte_h_hhs_1/documents/testimony/20170131_04.pdf,Tim Wood,Proponent 
HB2047,"Tue, Jan 31, 2017",http://www.kslegislature.org/li/b2017_18/committees/ctte_h_hhs_1/documents/testimony/20170131_03.pdf,Jim Ward,Proponent
HB2047,"Tue, Jan 31, 2017",http://www.kslegislature.org/li/b2017_18/committees/ctte_h_hhs_1/documents/testimony/20170131_02.pdf,Sean Gatewood,Proponent
HB2047,"Tue, Jan 31, 2017",http://www.kslegislature.org/li/b2017_18/committees/ctte_h_hhs_1/documents/testimony/20170131_01.pdf,Amanda Gress,Proponent
HB2055,"Thu, Jan 19, 2017",http://www.kslegislature.org/li/b2017_18/committees/ctte_h_hhs_1/documents/testimony/20170119_05.pdf,Jody Reel,Proponent
HB2055,"Thu, Jan 19, 2017",http://www.kslegislature.org/li/b2017_18/committees/ctte_h_hhs_1/documents/testimony/20170119_04.pdf,Kansas Independent Pharmacy Service Corporation,Written Proponent
HB2055,"Thu, Jan 19, 2017",http://www.kslegislature.org/li/b2017_18/committees/ctte_h_hhs_1/documents/testimony/20170119_03.pdf,Julie Hein,Proponent
HB2055,"Thu, Jan 19, 2017",http://www.kslegislature.org/li/b2017_18/committees/ctte_h_hhs_1/documents/testimony/20170119_02.pdf,Alexandra Blasi,Proponent
HB2055,"Thu, Jan 19, 2017",http://www.kslegislature.org/li/b2017_18/committees/ctte_h_hhs_1/documents/testimony/20170119_01.pdf,Alexandra Blasi,Proponent
HB2064,"Thu, Feb 9, 2017",http://www.kslegislature.org/li/b2017_18/committees/ctte_h_hhs_1/documents/testimony/20170209_06.pdf,Beverly Gossage,Opponent
HB2064,"Thu, Feb 9, 2017",http://www.kslegislature.org/li/b2017_18/committees/ctte_h_hhs_1/documents/testimony/20170209_05.pdf,Susan Mosier,Opponent
HB2064,"Thu, Feb 9, 2017",http://www.kslegislature.org/li/b2017_18/committees/ctte_h_hhs_1/documents/testimony/20170209_04.pdf,Michael Tanner,Opponent
HB2064,"Thu, Feb 9, 2017",http://www.kslegislature.org/li/b2017_18/committees/ctte_h_hhs_1/documents/testimony/20170209_03.pdf,Melissa Fausz,Opponent
HB2064,"Thu, Feb 9, 2017",http://www.kslegislature.org/li/b2017_18/committees/ctte_h_hhs_1/documents/testimony/20170209_02.pdf,Gregg Pfister,Opponent
HB2064,"Thu, Feb 9, 2017",http://www.kslegislature.org/li/b2017_18/committees/ctte_h_hhs_1/documents/testimony/20170209_01.pdf,James Franko,Opponent
HB2064,"Wed, Feb 8, 2017",http://www.kslegislature.org/li/b2017_18/committees/ctte_h_hhs_1/documents/testimony/20170208_16.pdf,Tom Bell,Proponent
HB2064,"Wed, Feb 8, 2017",http://www.kslegislature.org/li/b2017_18/committees/ctte_h_hhs_1/documents/testimony/20170208_15.pdf,Rob Freelove,Proponent
HB2064,"Wed, Feb 8, 2017",http://www.kslegislature.org/li/b2017_18/committees/ctte_h_hhs_1/documents/testimony/20170208_14.pdf,Amanda Stanley,Proponent
HB2064,"Wed, Feb 8, 2017",http://www.kslegislature.org/li/b2017_18/committees/ctte_h_hhs_1/documents/testimony/20170208_13.pdf,John Rosell,Proponent
HB2064,"Wed, Feb 8, 2017",http://www.kslegislature.org/li/b2017_18/committees/ctte_h_hhs_1/documents/testimony/20170208_12.pdf,Virgil Watson,Proponent
HB2064,"Wed, Feb 8, 2017",http://www.kslegislature.org/li/b2017_18/committees/ctte_h_hhs_1/documents/testimony/20170208_11.pdf,Jay Rowh,Proponent
HB2064,"Wed, Feb 8, 2017",http://www.kslegislature.org/li/b2017_18/committees/ctte_h_hhs_1/documents/testimony/20170208_10.pdf,Gary Plummer,Proponent
HB2064,"Wed, Feb 8, 2017",http://www.kslegislature.org/li/b2017_18/committees/ctte_h_hhs_1/documents/testimony/20170208_09.pdf,Jason Wesco,Proponent
HB2064,"Wed, Feb 8, 2017",http://www.kslegislature.org/li/b2017_18/committees/ctte_h_hhs_1/documents/testimony/20170208_08.pdf,Bill Persinger,Proponent
HB2064,"Wed, Feb 8, 2017",http://www.kslegislature.org/li/b2017_18/committees/ctte_h_hhs_1/documents/testimony/20170208_07.pdf,Lynn Fisher,Proponent
HB2064,"Wed, Feb 8, 2017",http://www.kslegislature.org/li/b2017_18/committees/ctte_h_hhs_1/documents/testimony/20170208_06.pdf,Suzann Emmons,Proponent
HB2064,"Wed, Feb 8, 2017",http://www.kslegislature.org/li/b2017_18/committees/ctte_h_hhs_1/documents/testimony/20170208_05.pdf,Michael Mullins,Proponent
HB2064,"Wed, Feb 8, 2017",http://www.kslegislature.org/li/b2017_18/committees/ctte_h_hhs_1/documents/testimony/20170208_04.pdf,Joe Reardon,Proponent
HB2064,"Wed, Feb 8, 2017",http://www.kslegislature.org/li/b2017_18/committees/ctte_h_hhs_1/documents/testimony/20170208_03.pdf,David Jordan ,Proponent
HB2065,"Thu, Mar 16, 2017",http://www.kslegislature.org/li/b2017_18/committees/ctte_h_hhs_1/documents/testimony/20170316_13.pdf,Mark Woodring,Opponent
HB2065,"Thu, Mar 16, 2017",http://www.kslegislature.org/li/b2017_18/committees/ctte_h_hhs_1/documents/testimony/20170316_06.pdf,Steve Robino,Opponent
HB2065,"Thu, Mar 16, 2017",http://www.kslegislature.org/li/b2017_18/committees/ctte_h_hhs_1/documents/testimony/20170316_05.pdf,Rachel Monger,Opponent
HB2065,"Thu, Mar 16, 2017",http://www.kslegislature.org/li/b2017_18/committees/ctte_h_hhs_1/documents/testimony/20170316_04.pdf,Robert Olm-Shipman,Opponent
HB2065,"Thu, Mar 16, 2017",http://www.kslegislature.org/li/b2017_18/committees/ctte_h_hhs_1/documents/testimony/20170316_03.pdf,Bob Copple,Opponent
HB2065,"Thu, Mar 16, 2017",http://www.kslegislature.org/li/b2017_18/committees/ctte_h_hhs_1/documents/testimony/20170316_02.pdf,Audrey Dunkel,Opponent
HB2106,"Wed, Feb 1, 2017",http://www.kslegislature.org/li/b2017_18/committees/ctte_h_hhs_1/documents/testimony/20170201_05.pdf,Dulcinea Rakestraw,Written Proponent
HB2106,"Wed, Feb 1, 2017",http://www.kslegislature.org/li/b2017_18/committees/ctte_h_hhs_1/documents/testimony/20170201_04.pdf,Pat George,Written Proponent
HB2106,"Wed, Feb 1, 2017",http://www.kslegislature.org/li/b2017_18/committees/ctte_h_hhs_1/documents/testimony/20170201_03.pdf,Erick Vaughn,Proponent
HB2106,"Wed, Feb 1, 2017",http://www.kslegislature.org/li/b2017_18/committees/ctte_h_hhs_1/documents/testimony/20170201_02.pdf,Les Sperling,Proponent
HB2106,"Wed, Feb 1, 2017",http://www.kslegislature.org/li/b2017_18/committees/ctte_h_hhs_1/documents/testimony/20170201_01.pdf,Steve Denny,Proponent
HB2107,"Thu, Jan 26, 2017",http://www.kslegislature.org/li/b2017_18/committees/ctte_h_hhs_1/documents/testimony/20170126_11.pdf,Rachelle Colombo,Written Opponent
HB2107,"Thu, Jan 26, 2017",http://www.kslegislature.org/li/b2017_18/committees/ctte_h_hhs_1/documents/testimony/20170126_10.pdf,Written,Written Opponent
HB2107,"Thu, Jan 26, 2017",http://www.kslegislature.org/li/b2017_18/committees/ctte_h_hhs_1/documents/testimony/20170126_09.pdf,Jody Reel,Opponent
HB2107,"Thu, Jan 26, 2017",http://www.kslegislature.org/li/b2017_18/committees/ctte_h_hhs_1/documents/testimony/20170126_08.pdf,Alexandra Blasi,Opponent
HB2107,"Tue, Jan 24, 2017",http://www.kslegislature.org/li/b2017_18/committees/ctte_h_hhs_1/documents/testimony/20170124_16.pdf,Written,Written Proponent
HB2107,"Tue, Jan 24, 2017",http://www.kslegislature.org/li/b2017_18/committees/ctte_h_hhs_1/documents/testimony/20170124_15.pdf,Michele Guadalupe,Written Proponent
HB2107,"Tue, Jan 24, 2017",http://www.kslegislature.org/li/b2017_18/committees/ctte_h_hhs_1/documents/testimony/20170124_14.pdf,Michael Stevens,Written Proponent
HB2107,"Tue, Jan 24, 2017",http://www.kslegislature.org/li/b2017_18/committees/ctte_h_hhs_1/documents/testimony/20170124_13.pdf,Marcia Horn,Written Proponent
HB2107,"Tue, Jan 24, 2017",http://www.kslegislature.org/li/b2017_18/committees/ctte_h_hhs_1/documents/testimony/20170124_12.pdf,Timothy Shaver,Written Proponent
HB2107,"Tue, Jan 24, 2017",http://www.kslegislature.org/li/b2017_18/committees/ctte_h_hhs_1/documents/testimony/20170124_11.pdf,Staci Penner,Proponent
HB2107,"Tue, Jan 24, 2017",http://www.kslegislature.org/li/b2017_18/committees/ctte_h_hhs_1/documents/testimony/20170124_10.pdf,Hilary Gee,Written Proponent
HB2107,"Tue, Jan 24, 2017",http://www.kslegislature.org/li/b2017_18/committees/ctte_h_hhs_1/documents/testimony/20170124_09.pdf,Kathleen Arnsten,Written Proponent
HB2107,"Tue, Jan 24, 2017",http://www.kslegislature.org/li/b2017_18/committees/ctte_h_hhs_1/documents/testimony/20170124_08.pdf,Eric Stafford,Proponent
HB2107,"Tue, Jan 24, 2017",http://www.kslegislature.org/li/b2017_18/committees/ctte_h_hhs_1/documents/testimony/20170124_07.pdf,Larrie Ann Brown,Proponent
HB2107,"Tue, Jan 24, 2017",http://www.kslegislature.org/li/b2017_18/committees/ctte_h_hhs_1/documents/testimony/20170124_05.pdf,Philip Schneider,Proponent
HB2107,"Tue, Jan 24, 2017",http://www.kslegislature.org/li/b2017_18/committees/ctte_h_hhs_1/documents/testimony/20170124_04.pdf,Drue Duncan,Proponent
HB2107,"Tue, Jan 24, 2017",http://www.kslegislature.org/li/b2017_18/committees/ctte_h_hhs_1/documents/testimony/20170124_03.pdf,Mark Box,Proponent
HB2107,"Tue, Jan 24, 2017",http://www.kslegislature.org/li/b2017_18/committees/ctte_h_hhs_1/documents/testimony/20170124_02.pdf,Thomas Felix,Proponent
HB2107,"Tue, Jan 24, 2017",http://www.kslegislature.org/li/b2017_18/committees/ctte_h_hhs_1/documents/testimony/20170124_01.pdf,Greg Hoke,Proponent
HB2119,"Wed, Feb 1, 2017",http://www.kslegislature.org/li/b2017_18/committees/ctte_h_hhs_1/documents/testimony/20170201_09.pdf,David Hamel,Proponent
HB2119,"Wed, Feb 1, 2017",http://www.kslegislature.org/li/b2017_18/committees/ctte_h_hhs_1/documents/testimony/20170201_08.pdf,Nick Rodgers,Proponent
HB2119,"Wed, Feb 1, 2017",http://www.kslegislature.org/li/b2017_18/committees/ctte_h_hhs_1/documents/testimony/20170201_07.pdf,Kevin Robertson,Proponent
HB2121,"Thu, Feb 2, 2017",http://www.kslegislature.org/li/b2017_18/committees/ctte_h_hhs_1/documents/testimony/20170202_05.pdf,Rachelle Colombo,Proponent
HB2121,"Thu, Feb 2, 2017",http://www.kslegislature.org/li/b2017_18/committees/ctte_h_hhs_1/documents/testimony/20170202_04.pdf,Jennifer VandeVelde,Proponent
HB2121,"Thu, Feb 2, 2017",http://www.kslegislature.org/li/b2017_18/committees/ctte_h_hhs_1/documents/testimony/20170202_03.pdf,Aaron Dunkel,Proponent
HB2121,"Thu, Feb 2, 2017",http://www.kslegislature.org/li/b2017_18/committees/ctte_h_hhs_1/documents/testimony/20170202_02.pdf,Carolyn Gaughan,Written Proponent
HB2121,"Thu, Feb 2, 2017",http://www.kslegislature.org/li/b2017_18/committees/ctte_h_hhs_1/documents/testimony/20170202_01.pdf,John Eplee,Proponent
HB2124,"Thu, Feb 2, 2017",http://www.kslegislature.org/li/b2017_18/committees/ctte_h_hhs_1/documents/testimony/20170202_16.pdf,Kyle Kessler,Proponent
HB2124,"Thu, Feb 2, 2017",http://www.kslegislature.org/li/b2017_18/committees/ctte_h_hhs_1/documents/testimony/20170202_15.pdf,Ric Dalke,Proponent
HB2124,"Thu, Feb 2, 2017",http://www.kslegislature.org/li/b2017_18/committees/ctte_h_hhs_1/documents/testimony/20170202_14.pdf,Eric Atwood,Proponent
HB2124,"Thu, Feb 2, 2017",http://www.kslegislature.org/li/b2017_18/committees/ctte_h_hhs_1/documents/testimony/20170202_13.pdf,Bob Williams,Proponent
HB2124,"Thu, Feb 2, 2017",http://www.kslegislature.org/li/b2017_18/committees/ctte_h_hhs_1/documents/testimony/20170202_12.pdf,Chantel Long,Opponent
HB2124,"Thu, Feb 2, 2017",http://www.kslegislature.org/li/b2017_18/committees/ctte_h_hhs_1/documents/testimony/20170202_11.pdf,David Elsbury,Proponent
HB2124,"Thu, Feb 2, 2017",http://www.kslegislature.org/li/b2017_18/committees/ctte_h_hhs_1/documents/testimony/20170202_10.pdf,Don Brada,Proponents
HB2124,"Thu, Feb 2, 2017",http://www.kslegislature.org/li/b2017_18/committees/ctte_h_hhs_1/documents/testimony/20170202_08.pdf,Robbin Cole,Proponent
HB2124,"Thu, Feb 2, 2017",http://www.kslegislature.org/li/b2017_18/committees/ctte_h_hhs_1/documents/testimony/20170202_07.pdf,Walter Hill,Proponent
HB2124,"Thu, Feb 2, 2017",http://www.kslegislature.org/li/b2017_18/committees/ctte_h_hhs_1/documents/testimony/20170202_06.pdf,Amy Campbell,Proponent
HB2139,"Tue, Feb 14, 2017",http://www.kslegislature.org/li/b2017_18/committees/ctte_h_hhs_1/documents/testimony/20170214_61.pdf,Todd Thurlow,Proponent
HB2139,"Tue, Feb 14, 2017",http://www.kslegislature.org/li/b2017_18/committees/ctte_h_hhs_1/documents/testimony/20170214_60.pdf,Tim Wood,Proponent
HB2139,"Tue, Feb 14, 2017",http://www.kslegislature.org/li/b2017_18/committees/ctte_h_hhs_1/documents/testimony/20170214_59.pdf,Tanya Dorf Brunner,Proponent
HB2139,"Tue, Feb 14, 2017",http://www.kslegislature.org/li/b2017_18/committees/ctte_h_hhs_1/documents/testimony/20170214_58.pdf,Tamsie Seastrand,Proponent
HB2139,"Tue, Feb 14, 2017",http://www.kslegislature.org/li/b2017_18/committees/ctte_h_hhs_1/documents/testimony/20170214_57.pdf,Steve Coen,Proponent
HB2139,"Tue, Feb 14, 2017",http://www.kslegislature.org/li/b2017_18/committees/ctte_h_hhs_1/documents/testimony/20170214_56.pdf,Sister Janice Thome,Proponent
HB2139,"Tue, Feb 14, 2017",http://www.kslegislature.org/li/b2017_18/committees/ctte_h_hhs_1/documents/testimony/20170214_55.pdf,Susan McLoughlin,Proponent
HB2139,"Tue, Feb 14, 2017",http://www.kslegislature.org/li/b2017_18/committees/ctte_h_hhs_1/documents/testimony/20170214_54.pdf,Sean Gatewood,Proponent
HB2139,"Tue, Feb 14, 2017",http://www.kslegislature.org/li/b2017_18/committees/ctte_h_hhs_1/documents/testimony/20170214_53.pdf,Scott Anglemyer,Proponent
HB2139,"Tue, Feb 14, 2017",http://www.kslegislature.org/li/b2017_18/committees/ctte_h_hhs_1/documents/testimony/20170214_52.pdf,Robert Moser,Proponent
HB2139,"Tue, Feb 14, 2017",http://www.kslegislature.org/li/b2017_18/committees/ctte_h_hhs_1/documents/testimony/20170214_51.pdf,Rich Cagan,Proponent
HB2139,"Tue, Feb 14, 2017",http://www.kslegislature.org/li/b2017_18/committees/ctte_h_hhs_1/documents/testimony/20170214_50.pdf,Rich Minder,Proponent
HB2139,"Tue, Feb 14, 2017",http://www.kslegislature.org/li/b2017_18/committees/ctte_h_hhs_1/documents/testimony/20170214_49.pdf,Rachel Monger,Proponent
HB2139,"Tue, Feb 14, 2017",http://www.kslegislature.org/li/b2017_18/committees/ctte_h_hhs_1/documents/testimony/20170214_48.pdf,Phillip Davis,Proponent
HB2139,"Tue, Feb 14, 2017",http://www.kslegislature.org/li/b2017_18/committees/ctte_h_hhs_1/documents/testimony/20170214_47.pdf,Mollie Day,Proponent
HB2139,"Tue, Feb 14, 2017",http://www.kslegislature.org/li/b2017_18/committees/ctte_h_hhs_1/documents/testimony/20170214_46.pdf,Mitzi McFatrich,Proponent 
HB2139,"Tue, Feb 14, 2017",http://www.kslegislature.org/li/b2017_18/committees/ctte_h_hhs_1/documents/testimony/20170214_45.pdf,Michelle Ponce,Proponent
HB2139,"Tue, Feb 14, 2017",http://www.kslegislature.org/li/b2017_18/committees/ctte_h_hhs_1/documents/testimony/20170214_44.pdf,Michelle Keller ,Proponent
HB2139,"Tue, Feb 14, 2017",http://www.kslegislature.org/li/b2017_18/committees/ctte_h_hhs_1/documents/testimony/20170214_43.pdf,Melissa Wangemann,Proponent
HB2139,"Tue, Feb 14, 2017",http://www.kslegislature.org/li/b2017_18/committees/ctte_h_hhs_1/documents/testimony/20170214_42.pdf,Melinda Miner,Proponent
HB2139,"Tue, Feb 14, 2017",http://www.kslegislature.org/li/b2017_18/committees/ctte_h_hhs_1/documents/testimony/20170214_41.pdf,Lisa Thurlow,Proponent
HB2139,"Tue, Feb 14, 2017",http://www.kslegislature.org/li/b2017_18/committees/ctte_h_hhs_1/documents/testimony/20170214_40.pdf,Leon Assael,Proponent
HB2139,"Tue, Feb 14, 2017",http://www.kslegislature.org/li/b2017_18/committees/ctte_h_hhs_1/documents/testimony/20170214_39.pdf,Lane Hemsley,Opponent
HB2139,"Tue, Feb 14, 2017",http://www.kslegislature.org/li/b2017_18/committees/ctte_h_hhs_1/documents/testimony/20170214_38.pdf,Kim Moore,Proponent
HB2139,"Tue, Feb 14, 2017",http://www.kslegislature.org/li/b2017_18/committees/ctte_h_hhs_1/documents/testimony/20170214_37.pdf,Katrina McGivern and Amanda Gress,Proponent
HB2139,"Tue, Feb 14, 2017",http://www.kslegislature.org/li/b2017_18/committees/ctte_h_hhs_1/documents/testimony/20170214_36.pdf,Written,Proponent
HB2139,"Tue, Feb 14, 2017",http://www.kslegislature.org/li/b2017_18/committees/ctte_h_hhs_1/documents/testimony/20170214_35.pdf,John Bellome,Proponent
HB2139,"Tue, Feb 14, 2017",http://www.kslegislature.org/li/b2017_18/committees/ctte_h_hhs_1/documents/testimony/20170214_34.pdf,Jeanne Ramos,Proponent
HB2139,"Tue, Feb 14, 2017",http://www.kslegislature.org/li/b2017_18/committees/ctte_h_hhs_1/documents/testimony/20170214_33.pdf,Jeanette Collier,Proponent
HB2139,"Tue, Feb 14, 2017",http://www.kslegislature.org/li/b2017_18/committees/ctte_h_hhs_1/documents/testimony/20170214_32.pdf,Jason Wesco,Proponent
HB2139,"Tue, Feb 14, 2017",http://www.kslegislature.org/li/b2017_18/committees/ctte_h_hhs_1/documents/testimony/20170214_31.pdf,Janis DeBoer,Proponent
HB2139,"Tue, Feb 14, 2017",http://www.kslegislature.org/li/b2017_18/committees/ctte_h_hhs_1/documents/testimony/20170214_29.pdf,Heather Flick,Proponent
HB2139,"Tue, Feb 14, 2017",http://www.kslegislature.org/li/b2017_18/committees/ctte_h_hhs_1/documents/testimony/20170214_28.pdf,Frank Catalanotto,Proponent
HB2139,"Tue, Feb 14, 2017",http://www.kslegislature.org/li/b2017_18/committees/ctte_h_hhs_1/documents/testimony/20170214_27.pdf,Ed Eilert,Proponent
HB2139,"Tue, Feb 14, 2017",http://www.kslegislature.org/li/b2017_18/committees/ctte_h_hhs_1/documents/testimony/20170214_26.pdf,Denise Cyzman,Proponent
HB2139,"Tue, Feb 14, 2017",http://www.kslegislature.org/li/b2017_18/committees/ctte_h_hhs_1/documents/testimony/20170214_25.pdf,David Toland,Proponent
HB2139,"Tue, Feb 14, 2017",http://www.kslegislature.org/li/b2017_18/committees/ctte_h_hhs_1/documents/testimony/20170214_24.pdf,Dave Sanford,Proponent
HB2139,"Tue, Feb 14, 2017",http://www.kslegislature.org/li/b2017_18/committees/ctte_h_hhs_1/documents/testimony/20170214_23.pdf,Dan Minnis,Proponent
HB2139,"Tue, Feb 14, 2017",http://www.kslegislature.org/li/b2017_18/committees/ctte_h_hhs_1/documents/testimony/20170214_22.pdf,Connie White,Opponent
HB2139,"Tue, Feb 14, 2017",http://www.kslegislature.org/li/b2017_18/committees/ctte_h_hhs_1/documents/testimony/20170214_21.pdf,Colleen McDermott,Proponent
HB2139,"Tue, Feb 14, 2017",http://www.kslegislature.org/li/b2017_18/committees/ctte_h_hhs_1/documents/testimony/20170214_20.pdf,Cindy Luxem,Proponent
HB2139,"Tue, Feb 14, 2017",http://www.kslegislature.org/li/b2017_18/committees/ctte_h_hhs_1/documents/testimony/20170214_19.pdf,Christina Thomas,Proponent
HB2139,"Tue, Feb 14, 2017",http://www.kslegislature.org/li/b2017_18/committees/ctte_h_hhs_1/documents/testimony/20170214_18.pdf,Christie Appelhanz,Proponent
HB2139,"Tue, Feb 14, 2017",http://www.kslegislature.org/li/b2017_18/committees/ctte_h_hhs_1/documents/testimony/20170214_17.pdf,Cheryl Biesterfeld,Proponent
HB2139,"Tue, Feb 14, 2017",http://www.kslegislature.org/li/b2017_18/committees/ctte_h_hhs_1/documents/testimony/20170214_16.pdf,Bryan Brady,Proponent
HB2139,"Tue, Feb 14, 2017",http://www.kslegislature.org/li/b2017_18/committees/ctte_h_hhs_1/documents/testimony/20170214_14.pdf,Becky Smith,Opponent
HB2139,"Tue, Feb 14, 2017",http://www.kslegislature.org/li/b2017_18/committees/ctte_h_hhs_1/documents/testimony/20170214_13.pdf,Annie McKay,Proponent
HB2139,"Tue, Feb 14, 2017",http://www.kslegislature.org/li/b2017_18/committees/ctte_h_hhs_1/documents/testimony/20170214_11.pdf,Alexandra Blasi,Opponent
HB2139,"Tue, Feb 14, 2017",http://www.kslegislature.org/li/b2017_18/committees/ctte_h_hhs_1/documents/testimony/20170214_10.pdf,Abby Tate,Proponent
HB2149,"Wed, Feb 15, 2017",http://www.kslegislature.org/li/b2017_18/committees/ctte_h_hhs_1/documents/testimony/20170215_08.pdf,Martin Ahrens,Opponent
HB2149,"Wed, Feb 15, 2017",http://www.kslegislature.org/li/b2017_18/committees/ctte_h_hhs_1/documents/testimony/20170215_07.pdf,Marcia Simoneau,Opponent
HB2149,"Wed, Feb 15, 2017",http://www.kslegislature.org/li/b2017_18/committees/ctte_h_hhs_1/documents/testimony/20170215_06.pdf,Max Foster,Opponent
HB2149,"Wed, Feb 15, 2017",http://www.kslegislature.org/li/b2017_18/committees/ctte_h_hhs_1/documents/testimony/20170215_02.pdf,Gallal Obeid,Proponent
HB2149,"Wed, Feb 15, 2017",http://www.kslegislature.org/li/b2017_18/committees/ctte_h_hhs_1/documents/testimony/20170215_01.pdf,Sky Westerlund,Proponent
HB2150,"Thu, Feb 2, 2017",http://www.kslegislature.org/li/b2017_18/committees/ctte_h_fed_st_1/documents/testimony/20170202_13.pdf,Tammy Peterman,Proponent
HB2150,"Thu, Feb 2, 2017",http://www.kslegislature.org/li/b2017_18/committees/ctte_h_fed_st_1/documents/testimony/20170202_12.pdf,Former Senator Forrest Knox,Written Opponent
HB2150,"Thu, Feb 2, 2017",http://www.kslegislature.org/li/b2017_18/committees/ctte_h_fed_st_1/documents/testimony/20170202_11.pdf,Travis Couture-Lovelady,Opponent
HB2150,"Thu, Feb 2, 2017",http://www.kslegislature.org/li/b2017_18/committees/ctte_h_fed_st_1/documents/testimony/20170202_10.pdf,Bob Page,Proponent
HB2150,"Thu, Feb 2, 2017",http://www.kslegislature.org/li/b2017_18/committees/ctte_h_fed_st_1/documents/testimony/20170202_09.pdf,Lee Norman,Proponent
HB2150,"Thu, Feb 2, 2017",http://www.kslegislature.org/li/b2017_18/committees/ctte_h_fed_st_1/documents/testimony/20170202_08.pdf,Richard Johnson,Proponent
HB2152,"Wed, Mar 15, 2017",http://www.kslegislature.org/li/b2017_18/committees/ctte_h_hhs_1/documents/testimony/20170315_15.pdf,Sara Weber,Proponent
HB2152,"Wed, Mar 15, 2017",http://www.kslegislature.org/li/b2017_18/committees/ctte_h_hhs_1/documents/testimony/20170315_14.pdf,Dawn Brooks,Opponent
HB2152,"Wed, Mar 15, 2017",http://www.kslegislature.org/li/b2017_18/committees/ctte_h_hhs_1/documents/testimony/20170315_10.pdf,Brent Boman,Proponent
HB2152,"Wed, Mar 15, 2017",http://www.kslegislature.org/li/b2017_18/committees/ctte_h_hhs_1/documents/testimony/20170315_09.pdf,Jill Lane,Proponent
HB2152,"Wed, Mar 15, 2017",http://www.kslegislature.org/li/b2017_18/committees/ctte_h_hhs_1/documents/testimony/20170315_08.pdf,Tiffanie Krentz,Proponent
HB2152,"Wed, Mar 15, 2017",http://www.kslegislature.org/li/b2017_18/committees/ctte_h_hhs_1/documents/testimony/20170315_06.pdf,Lisa Sublett,Opponent
HB2152,"Wed, Mar 15, 2017",http://www.kslegislature.org/li/b2017_18/committees/ctte_h_hhs_1/documents/testimony/20170315_03.pdf,John Wilson,Proponent
HB2152,"Wed, Mar 15, 2017",http://www.kslegislature.org/li/b2017_18/committees/ctte_h_hhs_1/documents/testimony/20170315_01.pdf,Ed Klumpp,Opponent
HB2169,"Tue, Feb 14, 2017",http://www.kslegislature.org/li/b2017_18/committees/ctte_h_hhs_1/documents/testimony/20170214_69.pdf,Denise Cyzman,Proponent
HB2169,"Tue, Feb 14, 2017",http://www.kslegislature.org/li/b2017_18/committees/ctte_h_hhs_1/documents/testimony/20170214_67.pdf,Chad Austin,Proponent
HB2169,"Tue, Feb 14, 2017",http://www.kslegislature.org/li/b2017_18/committees/ctte_h_hhs_1/documents/testimony/20170214_07.pdf,Sean Gatewood,Proponent
HB2169,"Tue, Feb 14, 2017",http://www.kslegislature.org/li/b2017_18/committees/ctte_h_hhs_1/documents/testimony/20170214_06.pdf,Rachel Monger,Proponent
HB2169,"Tue, Feb 14, 2017",http://www.kslegislature.org/li/b2017_18/committees/ctte_h_hhs_1/documents/testimony/20170214_05.pdf,Cindy Luxem,Proponent
HB2169,"Tue, Feb 14, 2017",http://www.kslegislature.org/li/b2017_18/committees/ctte_h_hhs_1/documents/testimony/20170214_04.pdf,Rocky Nichols,Proponent
HB2169,"Tue, Feb 14, 2017",http://www.kslegislature.org/li/b2017_18/committees/ctte_h_hhs_1/documents/testimony/20170214_03.pdf,Rachelle Colombo,Proponent
HB2169,"Tue, Feb 14, 2017",http://www.kslegislature.org/li/b2017_18/committees/ctte_h_hhs_1/documents/testimony/20170214_02.pdf,Colin Thomasset,Proponent
HB2169,"Tue, Feb 14, 2017",http://www.kslegislature.org/li/b2017_18/committees/ctte_h_hhs_1/documents/testimony/20170214_01.pdf,Ryan Ulrich,Proponent
HB2195,"Mon, Feb 13, 2017",http://www.kslegislature.org/li/b2017_18/committees/ctte_h_hhs_1/documents/testimony/20170213_26.pdf,Gail Richard,Proponent
HB2195,"Mon, Feb 13, 2017",http://www.kslegislature.org/li/b2017_18/committees/ctte_h_hhs_1/documents/testimony/20170213_25.pdf,Haris Zafar,Opponent
HB2195,"Mon, Feb 13, 2017",http://www.kslegislature.org/li/b2017_18/committees/ctte_h_hhs_1/documents/testimony/20170213_24.pdf,Zack Miller,Opponent
HB2195,"Mon, Feb 13, 2017",http://www.kslegislature.org/li/b2017_18/committees/ctte_h_hhs_1/documents/testimony/20170213_23.pdf,Ron Hein,Opponent
HB2195,"Mon, Feb 13, 2017",http://www.kslegislature.org/li/b2017_18/committees/ctte_h_hhs_1/documents/testimony/20170213_07.pdf,Kelly Selznick,Proponent
HB2195,"Mon, Feb 13, 2017",http://www.kslegislature.org/li/b2017_18/committees/ctte_h_hhs_1/documents/testimony/20170213_06.pdf,Kevin Ruggle,Proponent
HB2195,"Mon, Feb 13, 2017",http://www.kslegislature.org/li/b2017_18/committees/ctte_h_hhs_1/documents/testimony/20170213_05.pdf,Susie Ternes,Proponent
HB2195,"Mon, Feb 13, 2017",http://www.kslegislature.org/li/b2017_18/committees/ctte_h_hhs_1/documents/testimony/20170213_04.pdf,John Ferraro,Proponent
HB2205,"Thu, Feb 16, 2017",http://www.kslegislature.org/li/b2017_18/committees/ctte_h_hhs_1/documents/testimony/20170216_02.pdf,Rachelle Colombo,Proponent
HB2205,"Thu, Feb 16, 2017",http://www.kslegislature.org/li/b2017_18/committees/ctte_h_hhs_1/documents/testimony/20170216_01.pdf,Representative John Eplee,Proponent
HB2206,"Thu, Feb 16, 2017",http://www.kslegislature.org/li/b2017_18/committees/ctte_h_hhs_1/documents/testimony/20170216_39.pdf,Kyle Kessler,Proponent
HB2206,"Thu, Feb 16, 2017",http://www.kslegislature.org/li/b2017_18/committees/ctte_h_hhs_1/documents/testimony/20170216_35.pdf,Kyle Kessler,Proponent
HB2206,"Thu, Feb 16, 2017",http://www.kslegislature.org/li/b2017_18/committees/ctte_h_hhs_1/documents/testimony/20170216_34.pdf,Nathan Fawson,Proponent
HB2206,"Thu, Feb 16, 2017",http://www.kslegislature.org/li/b2017_18/committees/ctte_h_hhs_1/documents/testimony/20170216_33.pdf,Carie Brown,Proponent
HB2206,"Thu, Feb 16, 2017",http://www.kslegislature.org/li/b2017_18/committees/ctte_h_hhs_1/documents/testimony/20170216_31.pdf,Jennifer Findley,Proponent
HB2206,"Thu, Feb 16, 2017",http://www.kslegislature.org/li/b2017_18/committees/ctte_h_hhs_1/documents/testimony/20170216_30.pdf,Yi Laio,Proponent
HB2206,"Thu, Feb 16, 2017",http://www.kslegislature.org/li/b2017_18/committees/ctte_h_hhs_1/documents/testimony/20170216_29.pdf,Mike Atwood,Opponent
HB2206,"Thu, Feb 16, 2017",http://www.kslegislature.org/li/b2017_18/committees/ctte_h_hhs_1/documents/testimony/20170216_28.pdf,Sunee Mickle,Opponent
HB2206,"Thu, Feb 16, 2017",http://www.kslegislature.org/li/b2017_18/committees/ctte_h_hhs_1/documents/testimony/20170216_27.pdf,Shawna Wright,Proponent
HB2206,"Thu, Feb 16, 2017",http://www.kslegislature.org/li/b2017_18/committees/ctte_h_hhs_1/documents/testimony/20170216_21.pdf,Melissa Panettiere,Opponent
HB2206,"Thu, Feb 16, 2017",http://www.kslegislature.org/li/b2017_18/committees/ctte_h_hhs_1/documents/testimony/20170216_20.pdf,Elisha Yaghmai,Proponent
HB2206,"Thu, Feb 16, 2017",http://www.kslegislature.org/li/b2017_18/committees/ctte_h_hhs_1/documents/testimony/20170216_19.pdf,Jennifer Westerberg,Proponent
HB2206,"Thu, Feb 16, 2017",http://www.kslegislature.org/li/b2017_18/committees/ctte_h_hhs_1/documents/testimony/20170216_18.pdf,Michael Lowers,Proponent
HB2206,"Thu, Feb 16, 2017",http://www.kslegislature.org/li/b2017_18/committees/ctte_h_hhs_1/documents/testimony/20170216_17.pdf,Debra Burnett,Proponent
HB2206,"Thu, Feb 16, 2017",http://www.kslegislature.org/li/b2017_18/committees/ctte_h_hhs_1/documents/testimony/20170216_16.pdf,Jason Wesco,Proponent
HB2206,"Thu, Feb 16, 2017",http://www.kslegislature.org/li/b2017_18/committees/ctte_h_hhs_1/documents/testimony/20170216_15.pdf,Kim Moore,Proponent
HB2206,"Thu, Feb 16, 2017",http://www.kslegislature.org/li/b2017_18/committees/ctte_h_hhs_1/documents/testimony/20170216_14.pdf,Marvin Miller,Proponent
HB2206,"Thu, Feb 16, 2017",http://www.kslegislature.org/li/b2017_18/committees/ctte_h_hhs_1/documents/testimony/20170216_13.pdf,Susan Mosier,Proponent
HB2206,"Thu, Feb 16, 2017",http://www.kslegislature.org/li/b2017_18/committees/ctte_h_hhs_1/documents/testimony/20170216_12.pdf,Terry Collins,Proponent
HB2206,"Thu, Feb 16, 2017",http://www.kslegislature.org/li/b2017_18/committees/ctte_h_hhs_1/documents/testimony/20170216_10.pdf,Julie Bruington,Proponent
HB2206,"Thu, Feb 16, 2017",http://www.kslegislature.org/li/b2017_18/committees/ctte_h_hhs_1/documents/testimony/20170216_09.pdf,Staci Clarkson,Proponent
HB2206,"Thu, Feb 16, 2017",http://www.kslegislature.org/li/b2017_18/committees/ctte_h_hhs_1/documents/testimony/20170216_08.pdf,Bruce Witt,Proponent
HB2206,"Thu, Feb 16, 2017",http://www.kslegislature.org/li/b2017_18/committees/ctte_h_hhs_1/documents/testimony/20170216_07.pdf,Jim Kelly,Proponent
HB2217,"Tue, Feb 7, 2017",http://www.kslegislature.org/li/b2017_18/committees/ctte_h_hhs_1/documents/testimony/20170207_32.pdf,Written,Written Opponent
HB2217,"Tue, Feb 7, 2017",http://www.kslegislature.org/li/b2017_18/committees/ctte_h_hhs_1/documents/testimony/20170207_29.pdf,Ed Klumpp,Written Proponent
HB2217,"Tue, Feb 7, 2017",http://www.kslegislature.org/li/b2017_18/committees/ctte_h_hhs_1/documents/testimony/20170207_28.pdf,Brandon Beck,Written Proponent
HB2217,"Tue, Feb 7, 2017",http://www.kslegislature.org/li/b2017_18/committees/ctte_h_hhs_1/documents/testimony/20170207_27.pdf,Jason White,Proponent
HB2217,"Tue, Feb 7, 2017",http://www.kslegislature.org/li/b2017_18/committees/ctte_h_hhs_1/documents/testimony/20170207_26.pdf,Ryan Jacobsen,Proponent
HB2217,"Tue, Feb 7, 2017",http://www.kslegislature.org/li/b2017_18/committees/ctte_h_hhs_1/documents/testimony/20170207_25.pdf,Katie Whisman,Proponent
HB2217,"Tue, Feb 7, 2017",http://www.kslegislature.org/li/b2017_18/committees/ctte_h_hhs_1/documents/testimony/20170207_24.pdf,Jody Reel,Proponent
HB2217,"Tue, Feb 7, 2017",http://www.kslegislature.org/li/b2017_18/committees/ctte_h_hhs_1/documents/testimony/20170207_23.pdf,Alexandra Blasi,Proponent
HB2217,"Tue, Feb 7, 2017",http://www.kslegislature.org/li/b2017_18/committees/ctte_h_hhs_1/documents/testimony/20170207_22.pdf,Rachelle Colombo,Proponent
HB2219,"Mon, Feb 13, 2017",http://www.kslegislature.org/li/b2017_18/committees/ctte_h_hhs_1/documents/testimony/20170213_51.pdf,Stewart Perry,Proponent
HB2219,"Mon, Feb 13, 2017",http://www.kslegislature.org/li/b2017_18/committees/ctte_h_hhs_1/documents/testimony/20170213_46.pdf,Steve Irwin,Proponent
HB2219,"Mon, Feb 13, 2017",http://www.kslegislature.org/li/b2017_18/committees/ctte_h_hhs_1/documents/testimony/20170213_03.pdf,Stewart Perry,Proponent
HB2219,"Mon, Feb 13, 2017",http://www.kslegislature.org/li/b2017_18/committees/ctte_h_hhs_1/documents/testimony/20170213_02.pdf,Blaine Finch,Proponent
HB2219,"Mon, Feb 13, 2017",http://www.kslegislature.org/li/b2017_18/committees/ctte_h_hhs_1/documents/testimony/20170213_01.pdf,Brodie Cullumber,Proponent
HB2254,"Mon, Feb 13, 2017",http://www.kslegislature.org/li/b2017_18/committees/ctte_h_hhs_1/documents/testimony/20170213_40.pdf,Claudia Duck Tucker,Proponent
HB2254,"Mon, Feb 13, 2017",http://www.kslegislature.org/li/b2017_18/committees/ctte_h_hhs_1/documents/testimony/20170213_37.pdf,Larrie Ann Brown,Proponent
HB2254,"Mon, Feb 13, 2017",http://www.kslegislature.org/li/b2017_18/committees/ctte_h_hhs_1/documents/testimony/20170213_22.pdf,Scott McKenzie,Proponent
HB2297,"Mon, Feb 20, 2017",http://www.kslegislature.org/li/b2017_18/committees/ctte_h_hhs_1/documents/testimony/20170220_02.pdf,Mitzi McFatrich,Opponent
HB2297,"Mon, Feb 20, 2017",http://www.kslegislature.org/li/b2017_18/committees/ctte_h_hhs_1/documents/testimony/20170220_01.pdf,Cindy Luxem,Proponent
HB2471,"Mon, Feb 5, 2018",http://www.kslegislature.org/li/b2017_18/committees/ctte_h_hhs_1/documents/testimony/20180205_31.pdf,Leslie adrian Director of Professional Standards,HB2471 Proponent
HB2471,"Mon, Feb 5, 2018",http://www.kslegislature.org/li/b2017_18/committees/ctte_h_hhs_1/documents/testimony/20180205_32.pdf,"Jennifer Caswell, Legislative Chair",HB2471 Proponent
HB2471,"Mon, Feb 5, 2018",http://www.kslegislature.org/li/b2017_18/committees/ctte_h_hhs_1/documents/testimony/20180205_34.pdf,"Tom Phillips, Kansas State Representative",HB2471 Proponent written
HB2472,"Tue, Jan 23, 2018",http://www.kslegislature.org/li/b2017_18/committees/ctte_h_hhs_1/documents/testimony/20180123_02.pdf,"Elliott Whisenant, Student",Proponent
HB2472,"Tue, Jan 23, 2018",http://www.kslegislature.org/li/b2017_18/committees/ctte_h_hhs_1/documents/testimony/20180123_01.pdf,Colleen Jamison,Proponent  
HB2496,"Thu, Feb 8, 2018",http://www.kslegislature.org/li/b2017_18/committees/ctte_h_hhs_1/documents/testimony/20180208_01.pdf,"Carol Moreland, Director",HB2496 Proponent
HB2496,"Wed, Jan 31, 2018",http://www.kslegislature.org/li/b2017_18/committees/ctte_h_hhs_1/documents/testimony/20180131_03.pdf,"Wendy Shrag, Vice President State Government Affairs",HB2496 Proponent written
HB2496,"Wed, Jan 31, 2018",http://www.kslegislature.org/li/b2017_18/committees/ctte_h_hhs_1/documents/testimony/20180131_04.pdf,"Carol Moreland, RN, Executive Director",HB2496 Proponent written
HB2496,"Wed, Jan 31, 2018",http://www.kslegislature.org/li/b2017_18/committees/ctte_h_hhs_1/documents/testimony/20180131_05.pdf,"Linda Mowbray, Vice President",HB2496 Proponent written
HB2496,"Wed, Jan 31, 2018",http://www.kslegislature.org/li/b2017_18/committees/ctte_h_hhs_1/documents/testimony/20180131_06.pdf,"Andy Copeland, Vice President",HB2496 Proponent written
HB2496,"Wed, Jan 31, 2018",http://www.kslegislature.org/li/b2017_18/committees/ctte_h_hhs_1/documents/testimony/20180131_07.pdf,"Judy Davis-Cole, Member Voluntee Executive Council",HB2496 Proponent written
HB2496,"Wed, Jan 31, 2018",http://www.kslegislature.org/li/b2017_18/committees/ctte_h_hhs_1/documents/testimony/20180131_08.pdf,"Merilyn Douglass, APRN, President",HB2496 Proponent written
HB2496,"Wed, Jan 31, 2018",http://www.kslegislature.org/li/b2017_18/committees/ctte_h_hhs_1/documents/testimony/20180131_09.pdf,"Chad Austin, Senior Vice President Government Affairs",HB2496 Proponent written
HB2496,"Wed, Jan 31, 2018",http://www.kslegislature.org/li/b2017_18/committees/ctte_h_hhs_1/documents/testimony/20180131_10.pdf,"Vicky McClintock, RN, Director of Nursing",HB2496 Proponent
HB2496,"Wed, Jan 31, 2018",http://www.kslegislature.org/li/b2017_18/committees/ctte_h_hhs_1/documents/testimony/20180131_11.pdf,"Ken Keller, Administrator",HB2496 Proponent
HB2496,"Wed, Jan 31, 2018",http://www.kslegislature.org/li/b2017_18/committees/ctte_h_hhs_1/documents/testimony/20180131_01.pdf,"Tom Phillips, Assistant Majority Leader",HB2496 Proponent written
HB2496,"Wed, Jan 31, 2018",http://www.kslegislature.org/li/b2017_18/committees/ctte_h_hhs_1/documents/testimony/20180131_02.pdf,"Stan Frownfelter, Assistant House Democratic Leader",HB2496 Proponent written
HB2496,"Wed, Jan 31, 2018",http://www.kslegislature.org/li/b2017_18/committees/ctte_h_hhs_1/documents/testimony/20180131_12.pdf,"Merilyn Douglas, APRN, President",HB2496 Proponent written
HB2501,"Tue, Feb 6, 2018",http://www.kslegislature.org/li/b2017_18/committees/ctte_h_hhs_1/documents/testimony/20180206_01.pdf,"Brenda Dreher, Director, Health Occupations Credentialing ",HB2501 Proponent
HB2512,"Mon, Feb 5, 2018",http://www.kslegislature.org/li/b2017_18/committees/ctte_h_hhs_1/documents/testimony/20180205_03.pdf,Bob Eye ,Opponent
HB2512,"Mon, Feb 5, 2018",http://www.kslegislature.org/li/b2017_18/committees/ctte_h_hhs_1/documents/testimony/20180205_04.pdf,"Rachel Sweet, Regional Director of Public Policy and Organizing",Opponent
HB2512,"Mon, Feb 5, 2018",http://www.kslegislature.org/li/b2017_18/committees/ctte_h_hhs_1/documents/testimony/20180205_13.pdf,"Leo Herman, President Elect",Proponent written
HB2512,"Mon, Feb 5, 2018",http://www.kslegislature.org/li/b2017_18/committees/ctte_h_hhs_1/documents/testimony/20180205_14.pdf,"Cindy Luxem, President/CEO",Proponent written
HB2512,"Mon, Feb 5, 2018",http://www.kslegislature.org/li/b2017_18/committees/ctte_h_hhs_1/documents/testimony/20180205_15.pdf,"Shalae Harris, RN, Director of Advocacy & Government Affairs",Proponent written
HB2512,"Mon, Feb 5, 2018",http://www.kslegislature.org/li/b2017_18/committees/ctte_h_hhs_1/documents/testimony/20180205_16.pdf,"Laura Evans, Manger, State Government Affairs",Proponent written
HB2512,"Mon, Feb 5, 2018",http://www.kslegislature.org/li/b2017_18/committees/ctte_h_hhs_1/documents/testimony/20180205_17.pdf,"Andrew Secor, President Elect",Proponent written
HB2512,"Mon, Feb 5, 2018",http://www.kslegislature.org/li/b2017_18/committees/ctte_h_hhs_1/documents/testimony/20180205_18.pdf,"Daphne Bascon, MD, PhD, Medical Director",Proponent written
HB2512,"Mon, Feb 5, 2018",http://www.kslegislature.org/li/b2017_18/committees/ctte_h_hhs_1/documents/testimony/20180205_19.pdf,"Shawna Wright, Licensed Psychologist",Proponent written
HB2512,"Mon, Feb 5, 2018",http://www.kslegislature.org/li/b2017_18/committees/ctte_h_hhs_1/documents/testimony/20180205_20.pdf,"Judy Davis-Cole, Member",Proponent written
HB2512,"Mon, Feb 5, 2018",http://www.kslegislature.org/li/b2017_18/committees/ctte_h_hhs_1/documents/testimony/20180205_21.pdf,"Brandi Fisher, Executive Director",Opponent written
HB2512,"Mon, Feb 5, 2018",http://www.kslegislature.org/li/b2017_18/committees/ctte_h_hhs_1/documents/testimony/20180205_22.pdf,"Matthew p. Connell, Chair",Opponent written
HB2512,"Mon, Feb 5, 2018",http://www.kslegislature.org/li/b2017_18/committees/ctte_h_hhs_1/documents/testimony/20180205_23.pdf,"Vignesh Ganapathy, Policy Director",Opponent written
HB2512,"Mon, Feb 5, 2018",http://www.kslegislature.org/li/b2017_18/committees/ctte_h_hhs_1/documents/testimony/20180205_24.pdf,Cameron Kilberg,Opponent written
HB2512,"Mon, Feb 5, 2018",http://www.kslegislature.org/li/b2017_18/committees/ctte_h_hhs_1/documents/testimony/20180205_25.pdf,"Janine Gracy, Project Director",Opponent written
HB2512,"Mon, Feb 5, 2018",http://www.kslegislature.org/li/b2017_18/committees/ctte_h_hhs_1/documents/testimony/20180205_26.pdf,"Alexa Foster, President",Opponent written
HB2512,"Mon, Feb 5, 2018",http://www.kslegislature.org/li/b2017_18/committees/ctte_h_hhs_1/documents/testimony/20180205_27.pdf,"Rachel Monger, Vice President, Government Affairs",Opponent written
HB2512,"Mon, Feb 5, 2018",http://www.kslegislature.org/li/b2017_18/committees/ctte_h_hhs_1/documents/testimony/20180205_28.pdf,"Todd Fleischer, Executive Director",Opponent written
HB2512,"Mon, Feb 5, 2018",http://www.kslegislature.org/li/b2017_18/committees/ctte_h_hhs_1/documents/testimony/20180205_29.pdf,"Jeanne Gawdun, Lobbyist",Opponent written
HB2512,"Mon, Feb 5, 2018",http://www.kslegislature.org/li/b2017_18/committees/ctte_h_hhs_1/documents/testimony/20180205_35.pdf,"Shalae Harris, BSN, MPA, Director",HB2512 Proponent written
HB2512,"Thu, Feb 1, 2018",http://www.kslegislature.org/li/b2017_18/committees/ctte_h_hhs_1/documents/testimony/20180201_01.pdf,"Holly Cobb, MSN, APRN-C",Proponent HB2512
HB2512,"Thu, Feb 1, 2018",http://www.kslegislature.org/li/b2017_18/committees/ctte_h_hhs_1/documents/testimony/20180201_02.pdf,"Rachelle Colombo, Director, Government Affairs",Proponent HB2512
HB2512,"Thu, Feb 1, 2018",http://www.kslegislature.org/li/b2017_18/committees/ctte_h_hhs_1/documents/testimony/20180201_03.pdf,"Claudia Tucker, Vice President ",Proponent HB2512
HB2512,"Thu, Feb 1, 2018",http://www.kslegislature.org/li/b2017_18/committees/ctte_h_hhs_1/documents/testimony/20180201_04.pdf,"Chad Austin, Senior Vice President",Proponent HB2512
HB2512,"Thu, Feb 1, 2018",http://www.kslegislature.org/li/b2017_18/committees/ctte_h_hhs_1/documents/testimony/20180201_05.pdf,"Robert Moser, MD, Executive Director",Proponent HB2512
HB2512,"Thu, Feb 1, 2018",http://www.kslegislature.org/li/b2017_18/committees/ctte_h_hhs_1/documents/testimony/20180201_06.pdf,"Melissa Panettiere, Director, Governmental Affairs",Proponent HB2512
HB2512,"Thu, Feb 1, 2018",http://www.kslegislature.org/li/b2017_18/committees/ctte_h_hhs_1/documents/testimony/20180201_07.pdf,"Chad Johanning, MD, Government Advocacy Chair",Proponent HB2512
HB2512,"Thu, Feb 1, 2018",http://www.kslegislature.org/li/b2017_18/committees/ctte_h_hhs_1/documents/testimony/20180201_08.pdf,"Colin Thomasset, Associate Director, ",Proponent HB2512
HB2512,"Thu, Feb 1, 2018",http://www.kslegislature.org/li/b2017_18/committees/ctte_h_hhs_1/documents/testimony/20180201_09.pdf,"Sunni Mickle, Director, Government Relations",Proponent HB2512
HB2512,"Thu, Feb 1, 2018",http://www.kslegislature.org/li/b2017_18/committees/ctte_h_hhs_1/documents/testimony/20180201_12.pdf,"Colin Thomasset, Associate Director ",SB2512 Proponent
HB2549,"Wed, Feb 7, 2018",http://www.kslegislature.org/li/b2017_18/committees/ctte_h_hhs_1/documents/testimony/20180207_02.pdf,"Kimberly M.J. Lynch, Chief Counsel",HB2549 Proponent
HB2573,"Mon, Feb 12, 2018",http://www.kslegislature.org/li/b2017_18/committees/ctte_h_hhs_1/documents/testimony/20180212_12.pdf,"Kelli Krase, MD, Obstetrician and Gynecologist ",HB2573 Proponent
HB2573,"Mon, Feb 12, 2018",http://www.kslegislature.org/li/b2017_18/committees/ctte_h_hhs_1/documents/testimony/20180212_13.pdf,"Megan McMahon, MD, Resident, Obstetrics & Gynecology",HB2573 Proponent
HB2573,"Mon, Feb 12, 2018",http://www.kslegislature.org/li/b2017_18/committees/ctte_h_hhs_1/documents/testimony/20180212_14.pdf,"Melinda Tourni, Board Member",HB2573 Proponent
HB2573,"Mon, Feb 12, 2018",http://www.kslegislature.org/li/b2017_18/committees/ctte_h_hhs_1/documents/testimony/20180212_15.pdf,"Robert Noland, Lobbyist",HB2573 Proponent
HB2573,"Mon, Feb 12, 2018",http://www.kslegislature.org/li/b2017_18/committees/ctte_h_hhs_1/documents/testimony/20180212_16.pdf,"Melissa Hague, MD, FACOG, Chair",HB2573 Proponent written
HB2573,"Mon, Feb 12, 2018",http://www.kslegislature.org/li/b2017_18/committees/ctte_h_hhs_1/documents/testimony/20180212_17.pdf,"Charles W Gibbs, MD, MFA, FACOG, Chair",HB2573 Proponent written
HB2573,"Mon, Feb 12, 2018",http://www.kslegislature.org/li/b2017_18/committees/ctte_h_hhs_1/documents/testimony/20180212_18.pdf,"Board of Directors, Kansas Affiliate",HB2573 Proponent written
HB2573,"Mon, Feb 12, 2018",http://www.kslegislature.org/li/b2017_18/committees/ctte_h_hhs_1/documents/testimony/20180212_19.pdf,"Shalae Harris, RN, BSN, MPA, Director of Advocacy and Government Affairs",HB2573 Proponent written
HB2573,"Mon, Feb 12, 2018",http://www.kslegislature.org/li/b2017_18/committees/ctte_h_hhs_1/documents/testimony/20180212_20.pdf,"Rachelle Colombo, Director of Government Affairs",HB2573 Proponent written
HB2573,"Mon, Feb 12, 2018",http://www.kslegislature.org/li/b2017_18/committees/ctte_h_hhs_1/documents/testimony/20180212_21.pdf,"Rachel Sission, Director of Bureau of Family Health",HB2573 Proponent written
HB2575,"Wed, Feb 14, 2018",http://www.kslegislature.org/li/b2017_18/committees/ctte_h_hhs_1/documents/testimony/20180214_01.pdf,"Abraham Rafie, Representative 48th District",HB2575 Proponent
HB2575,"Wed, Feb 14, 2018",http://www.kslegislature.org/li/b2017_18/committees/ctte_h_hhs_1/documents/testimony/20180214_02.pdf,"Elizabeth Rowe, Ph.D, M.B.A.",HB2575 Proponent
HB2575,"Wed, Feb 14, 2018",http://www.kslegislature.org/li/b2017_18/committees/ctte_h_hhs_1/documents/testimony/20180214_03.pdf,Greggory Pfister,HB2575 Proponent
HB2575,"Wed, Feb 14, 2018",http://www.kslegislature.org/li/b2017_18/committees/ctte_h_hhs_1/documents/testimony/20180214_04.pdf,"Melissa Panettiere, Director of Governmental Affairs",HB2575 Opponent
HB2575,"Wed, Feb 14, 2018",http://www.kslegislature.org/li/b2017_18/committees/ctte_h_hhs_1/documents/testimony/20180214_05.pdf,"Sunne Mickle, Director of Government Relations",HB2575 Opponent
HB2575,"Wed, Feb 14, 2018",http://www.kslegislature.org/li/b2017_18/committees/ctte_h_hhs_1/documents/testimony/20180214_07.pdf,"Rodney L Whittmore, Senator",HB2575 Proponent written
HB2575,"Wed, Feb 14, 2018",http://www.kslegislature.org/li/b2017_18/committees/ctte_h_hhs_1/documents/testimony/20180214_08.pdf,"Bill Sneed, Retained Counsel",Hb2575 Opponent written
HB2590,"Tue, Feb 6, 2018",http://www.kslegislature.org/li/b2017_18/committees/ctte_h_hhs_1/documents/testimony/20180206_04.pdf,"Barbara Hickert, Ombudsman",HB2590 Proponent
HB2590,"Tue, Feb 6, 2018",http://www.kslegislature.org/li/b2017_18/committees/ctte_h_hhs_1/documents/testimony/20180206_05.pdf,"Mitzi McFatrich, Executive Director,",HB2590 Proponent
HB2590,"Tue, Feb 6, 2018",http://www.kslegislature.org/li/b2017_18/committees/ctte_h_hhs_1/documents/testimony/20180206_06.pdf,"Craig Kaberline, Commissioner",HB2590 Proponent written
HB2590,"Tue, Feb 6, 2018",http://www.kslegislature.org/li/b2017_18/committees/ctte_h_hhs_1/documents/testimony/20180206_07.pdf,"Cindy Luxem, President/CEO",HB2590 Opponent
HB2590,"Tue, Feb 6, 2018",http://www.kslegislature.org/li/b2017_18/committees/ctte_h_hhs_1/documents/testimony/20180206_08.pdf,"Rachel Monger, Vice President, Government Affairs",HB2590 Opponent
HB2591,"Thu, Feb 8, 2018",http://www.kslegislature.org/li/b2017_18/committees/ctte_h_hhs_1/documents/testimony/20180208_02.pdf,"Rachelle Colombo, Director, Government Affairs", HB2591 Proponent written
HB2591,"Thu, Feb 8, 2018",http://www.kslegislature.org/li/b2017_18/committees/ctte_h_hhs_1/documents/testimony/20180208_03.pdf,"Audrey Dunkel, Vice Presideent Financial Advocacy",HB2591 Proponent
HB2591,"Thu, Feb 8, 2018",http://www.kslegislature.org/li/b2017_18/committees/ctte_h_hhs_1/documents/testimony/20180208_04.pdf,"Sean Gatewood, Care Administrator",HB2591 Proponent
HB2591,"Thu, Feb 8, 2018",http://www.kslegislature.org/li/b2017_18/committees/ctte_h_hhs_1/documents/testimony/20180208_05.pdf,"Amanda Gress, Director, Government Relations",HB2591 Proponent
HB2591,"Thu, Feb 8, 2018",http://www.kslegislature.org/li/b2017_18/committees/ctte_h_hhs_1/documents/testimony/20180208_08.pdf,"Rabbi Moti Rieber, Executive Director",HB2591 Proponent written
HB2591,"Thu, Feb 8, 2018",http://www.kslegislature.org/li/b2017_18/committees/ctte_h_hhs_1/documents/testimony/20180208_09.pdf,"Marc Reese, Director, State Government Affairs",HB2591 Opponent
HB2591,"Thu, Feb 8, 2018",http://www.kslegislature.org/li/b2017_18/committees/ctte_h_hhs_1/documents/testimony/20180208_10.pdf,"Carol Steckel, Senior Director, Alliance Department",HB2591 Opponent written
HB2591,"Thu, Feb 8, 2018",http://www.kslegislature.org/li/b2017_18/committees/ctte_h_hhs_1/documents/testimony/20180208_06.pdf,"Dan Hawkins, Representative 100th District",HB2591 Proponent
HB2591,"Thu, Feb 8, 2018",http://www.kslegislature.org/li/b2017_18/committees/ctte_h_hhs_1/documents/testimony/20180208_13.pdf,"Jim Ward, House Democratic Leader",HB2591 Proponent written
HB2600,"Mon, Feb 12, 2018",http://www.kslegislature.org/li/b2017_18/committees/ctte_h_hhs_1/documents/testimony/20180212_22.pdf,"kimberly Steves, Director",HB2600 Proponent
HB2663,"Tue, Mar 6, 2018",http://www.kslegislature.org/li/b2017_18/committees/ctte_h_hhs_1/documents/testimony/20180306_02.pdf,"Kerrie Bacon, Ombudsman",HB2663 Proponent
HB2663,"Tue, Mar 6, 2018",http://www.kslegislature.org/li/b2017_18/committees/ctte_h_hhs_1/documents/testimony/20180306_03.pdf,"Cody Gwaltney, Legislative Director ",HB2663 Proponent
HB2663,"Tue, Mar 6, 2018",http://www.kslegislature.org/li/b2017_18/committees/ctte_h_hhs_1/documents/testimony/20180306_04.pdf,"Mike Burgess, Director, Policy and Outreach",HB2663 Proponent
HB2663,"Tue, Mar 6, 2018",http://www.kslegislature.org/li/b2017_18/committees/ctte_h_hhs_1/documents/testimony/20180306_06.pdf,"Martha Gabehart, Executive Director ",HB2663 Proponent written
HB2663,"Tue, Mar 6, 2018",http://www.kslegislature.org/li/b2017_18/committees/ctte_h_hhs_1/documents/testimony/20180306_07.pdf,"Jon Hamdorf, Medicaid Director, Health Care Finance",HB2663 Proponent written
HB2663,"Tue, Mar 6, 2018",http://www.kslegislature.org/li/b2017_18/committees/ctte_h_hhs_1/documents/testimony/20180306_05.pdf,"Sean Gatewood, Co-Admisistrator",HB2663 Proponent
HCR5010,"Mon, Mar 6, 2017",http://www.kslegislature.org/li/b2017_18/committees/ctte_h_hhs_1/documents/testimony/20170306_04.pdf,Steve Brunk,Proponent
HCR5010,"Mon, Mar 6, 2017",http://www.kslegislature.org/li/b2017_18/committees/ctte_h_hhs_1/documents/testimony/20170306_04.pdf,Steve Brunk,Proponent
SB32,"Thu, Mar 9, 2017",http://www.kslegislature.org/li/b2017_18/committees/ctte_h_hhs_1/documents/testimony/20170309_05.pdf,Amy Campbell,Proponent
SB32,"Thu, Mar 9, 2017",http://www.kslegislature.org/li/b2017_18/committees/ctte_h_hhs_1/documents/testimony/20170309_04.pdf,Alexander Germann,Proponent
SB32,"Thu, Mar 9, 2017",http://www.kslegislature.org/li/b2017_18/committees/ctte_h_hhs_1/documents/testimony/20170309_03.pdf,Daniel Ortiz,Proponent
SB32,"Thu, Mar 9, 2017",http://www.kslegislature.org/li/b2017_18/committees/ctte_h_hhs_1/documents/testimony/20170309_02.pdf,Dodie Wellshear,Proponent
SB32,"Thu, Mar 9, 2017",http://www.kslegislature.org/li/b2017_18/committees/ctte_h_hhs_1/documents/testimony/20170309_01.pdf,Kyle Kessler,Proponent
SB51,"Wed, Mar 8, 2017",http://www.kslegislature.org/li/b2017_18/committees/ctte_h_hhs_1/documents/testimony/20170308_06.pdf,Katie Whisman,Proponent
SB51,"Wed, Mar 8, 2017",http://www.kslegislature.org/li/b2017_18/committees/ctte_h_hhs_1/documents/testimony/20170308_05.pdf,Alexandra Blasi,Proponent
SB52,"Wed, Mar 8, 2017",http://www.kslegislature.org/li/b2017_18/committees/ctte_h_hhs_1/documents/testimony/20170308_12.pdf,Nick Reinecker,Opponent
SB52,"Wed, Mar 8, 2017",http://www.kslegislature.org/li/b2017_18/committees/ctte_h_hhs_1/documents/testimony/20170308_10.pdf,Katie Whisman,Proponent
SB52,"Wed, Mar 8, 2017",http://www.kslegislature.org/li/b2017_18/committees/ctte_h_hhs_1/documents/testimony/20170308_09.pdf,Alexandra Blasi,Proponent
SB52,"Wed, Mar 8, 2017",http://www.kslegislature.org/li/b2017_18/committees/ctte_h_hhs_1/documents/testimony/20170308_03.pdf,Alexandra Blasi,Proponent
SB68,"Tue, Mar 14, 2017",http://www.kslegislature.org/li/b2017_18/committees/ctte_h_hhs_1/documents/testimony/20170314_05.pdf,James Covel,Proponent
SB68,"Tue, Mar 14, 2017",http://www.kslegislature.org/li/b2017_18/committees/ctte_h_hhs_1/documents/testimony/20170314_04.pdf,Eileen McGivern,Proponent
SB68,"Tue, Mar 14, 2017",http://www.kslegislature.org/li/b2017_18/committees/ctte_h_hhs_1/documents/testimony/20170314_03.pdf,Judy Davis-Cole,Proponent
SB68,"Tue, Mar 14, 2017",http://www.kslegislature.org/li/b2017_18/committees/ctte_h_hhs_1/documents/testimony/20170314_02.pdf,Maren Turner,Proponent
SB68,"Tue, Mar 14, 2017",http://www.kslegislature.org/li/b2017_18/committees/ctte_h_hhs_1/documents/testimony/20170314_01.pdf,John Federico,Proponent
SB95,"Tue, Mar 21, 2017",http://www.kslegislature.org/li/b2017_18/committees/ctte_h_hhs_1/documents/testimony/20170321_01.pdf,Shelley Mann,Proponent
SB154,"Mon, Mar 13, 2017",http://www.kslegislature.org/li/b2017_18/committees/ctte_h_hhs_1/documents/testimony/20170313_02.pdf,Peter Shaheed,Proponent
SB154,"Mon, Mar 13, 2017",http://www.kslegislature.org/li/b2017_18/committees/ctte_h_hhs_1/documents/testimony/20170313_01.pdf,Ashley Goss,Proponent
SB282,"Thu, Mar 8, 2018",http://www.kslegislature.org/li/b2017_18/committees/ctte_h_hhs_1/documents/testimony/20180308_01.pdf,"Carly Haynes, Director of Compliance ",SB282 Proponent
SB282,"Thu, Mar 8, 2018",http://www.kslegislature.org/li/b2017_18/committees/ctte_h_hhs_1/documents/testimony/20180308_02.pdf,"Katy Whisman, Executive Officer",SB282 Proponent
SB282,"Thu, Mar 8, 2018",http://www.kslegislature.org/li/b2017_18/committees/ctte_h_hhs_1/documents/testimony/20180308_03.pdf,Tammy Young,SB282 Proponent
SB282,"Thu, Mar 8, 2018",http://www.kslegislature.org/li/b2017_18/committees/ctte_h_hhs_1/documents/testimony/20180308_04.pdf,"Murray A Holcomb, M.D., FACS",SB282 Opponent
SB282,"Thu, Mar 8, 2018",http://www.kslegislature.org/li/b2017_18/committees/ctte_h_hhs_1/documents/testimony/20180308_05.pdf,"Murray A Holcomb, M.D., FACS",SB282 Opponent
SB282,"Thu, Mar 8, 2018",http://www.kslegislature.org/li/b2017_18/committees/ctte_h_hhs_1/documents/testimony/20180308_06.pdf,"Murray A Holcomb, M.D., FACS",SB282 Opponent
SB282,"Thu, Mar 8, 2018",http://www.kslegislature.org/li/b2017_18/committees/ctte_h_hhs_1/documents/testimony/20180308_07.pdf,Christina Goat,SB282 Opponent
SB282,"Thu, Mar 8, 2018",http://www.kslegislature.org/li/b2017_18/committees/ctte_h_hhs_1/documents/testimony/20180308_08.pdf,Nick Reinecker,SB282 Opponent
SB282,"Thu, Mar 8, 2018",http://www.kslegislature.org/li/b2017_18/committees/ctte_h_hhs_1/documents/testimony/20180308_09.pdf,George Harper II,SB282 Opponent
SB282,"Thu, Mar 8, 2018",http://www.kslegislature.org/li/b2017_18/committees/ctte_h_hhs_1/documents/testimony/20180308_10.pdf,Aaron Roberts,SB282 Opponent
SB282,"Thu, Mar 8, 2018",http://www.kslegislature.org/li/b2017_18/committees/ctte_h_hhs_1/documents/testimony/20180308_11.pdf,law Enforcement,SB282 Proponent written
SB282,"Thu, Mar 8, 2018",http://www.kslegislature.org/li/b2017_18/committees/ctte_h_hhs_1/documents/testimony/20180308_12.pdf,Jessica Olson,SB282 Opponent
SB312,"Wed, Mar 14, 2018",http://www.kslegislature.org/li/b2017_18/committees/ctte_h_hhs_1/documents/testimony/20180314_01.pdf,"Kevin Robertson, Executive Director",SB312 Proponent
SB312,"Wed, Mar 14, 2018",http://www.kslegislature.org/li/b2017_18/committees/ctte_h_hhs_1/documents/testimony/20180314_02.pdf,"Jon T. Fales, Jr., DDS, MS, Pediatric Dentist",SB312 Proponent
SB312,"Wed, Mar 14, 2018",http://www.kslegislature.org/li/b2017_18/committees/ctte_h_hhs_1/documents/testimony/20180314_03.pdf,"Christi Nance, Policy Director",SB312 Proponent
SB312,"Wed, Mar 14, 2018",http://www.kslegislature.org/li/b2017_18/committees/ctte_h_hhs_1/documents/testimony/20180314_04.pdf,"Denise Cyzman, Executive Director",SB312 Proponent
SB312,"Wed, Mar 14, 2018",http://www.kslegislature.org/li/b2017_18/committees/ctte_h_hhs_1/documents/testimony/20180314_05.pdf,"Travis Lowe, Executive Director",SB312 Proponent
SB312,"Wed, Mar 14, 2018",http://www.kslegislature.org/li/b2017_18/committees/ctte_h_hhs_1/documents/testimony/20180314_06.pdf,"Mariah Frazier, DDS, FAAPD, Pedriatic Dentist",SB312 Opponent
SB312,"Wed, Mar 14, 2018",http://www.kslegislature.org/li/b2017_18/committees/ctte_h_hhs_1/documents/testimony/20180314_07.pdf,"Mark Troilo, DDS",SB312 Opponent
SB312,"Wed, Mar 14, 2018",http://www.kslegislature.org/li/b2017_18/committees/ctte_h_hhs_1/documents/testimony/20180314_08.pdf,"David Casteel, 4th Year Dental Student",SB312 Opponent
SB312,"Wed, Mar 14, 2018",http://www.kslegislature.org/li/b2017_18/committees/ctte_h_hhs_1/documents/testimony/20180314_09.pdf,"Dr Marc Huslig, DDS",SB312 Opponent
SB312,"Wed, Mar 14, 2018",http://www.kslegislature.org/li/b2017_18/committees/ctte_h_hhs_1/documents/testimony/20180314_11.pdf,"Dr. Nick Rogers, President",SB312 Proponent written
SB312,"Wed, Mar 14, 2018",http://www.kslegislature.org/li/b2017_18/committees/ctte_h_hhs_1/documents/testimony/20180314_12.pdf,"John Bellome, DDS",SB312 Proponent written
SB312,"Wed, Mar 14, 2018",http://www.kslegislature.org/li/b2017_18/committees/ctte_h_hhs_1/documents/testimony/20180314_13.pdf,"Jeff Glendening, Director",SB312 Proponent written
SB312,"Wed, Mar 14, 2018",http://www.kslegislature.org/li/b2017_18/committees/ctte_h_hhs_1/documents/testimony/20180314_14.pdf,"Rachel Monger, Vice President Government Affairs",SB312 Proponent written
SB312,"Wed, Mar 14, 2018",http://www.kslegislature.org/li/b2017_18/committees/ctte_h_hhs_1/documents/testimony/20180314_15.pdf,"Dr Lindy Cope, DDS",B312 Opponent written
SB312,"Wed, Mar 14, 2018",http://www.kslegislature.org/li/b2017_18/committees/ctte_h_hhs_1/documents/testimony/20180314_19.pdf,"Antoine E Wakim, DDS, PA",SB312 Opponent
SB312,"Wed, Mar 14, 2018",http://www.kslegislature.org/li/b2017_18/committees/ctte_h_hhs_1/documents/testimony/20180314_20.pdf,"Alexandra Blasi, Executive Director",SB312 Opponent
SB312,"Wed, Mar 14, 2018",http://www.kslegislature.org/li/b2017_18/committees/ctte_h_hhs_1/documents/testimony/20180314_21.pdf,"Steve Coen, President & CEO",SB312 Proponent written
SB312,"Wed, Mar 14, 2018",http://www.kslegislature.org/li/b2017_18/committees/ctte_h_hhs_1/documents/testimony/20180314_22.pdf,"Cathleen Taylor-Osborne, State Dental Director",SB312 Proponent written
SB312,"Wed, Mar 14, 2018",http://www.kslegislature.org/li/b2017_18/committees/ctte_h_hhs_1/documents/testimony/20180314_23.pdf,"Brian L. Hendrick, DDS",SB312 Opponent written
SB351,"Tue, Mar 6, 2018",http://www.kslegislature.org/li/b2017_18/committees/ctte_h_ins_1/documents/testimony/20180306_04.pdf,Aaron Dunkel,Proponent
SB351,"Tue, Mar 6, 2018",http://www.kslegislature.org/li/b2017_18/committees/ctte_h_ins_1/documents/testimony/20180306_05.pdf,Larrie Ann Brown,Proponent
SB351,"Tue, Mar 6, 2018",http://www.kslegislature.org/li/b2017_18/committees/ctte_h_ins_1/documents/testimony/20180306_06.pdf,LuGina Mendez-Harper,Proponent (written only)
SB351,"Wed, Feb 14, 2018",http://www.kslegislature.org/li/b2017_18/committees/ctte_s_fin_inst_ins_1/documents/testimony/20180214_01.pdf,Larrie Ann Brown,Oral Opponent
SB351,"Wed, Feb 14, 2018",http://www.kslegislature.org/li/b2017_18/committees/ctte_s_fin_inst_ins_1/documents/testimony/20180214_02.pdf,Aaron Dunkel,Oral Proponent
SB351,"Wed, Feb 14, 2018",http://www.kslegislature.org/li/b2017_18/committees/ctte_s_fin_inst_ins_1/documents/testimony/20180214_03.pdf,Alysia Heller,Oral Opponent
SB351,"Wed, Feb 14, 2018",http://www.kslegislature.org/li/b2017_18/committees/ctte_s_fin_inst_ins_1/documents/testimony/20180214_04.pdf,LuGina Mendez-Harper,Oral Opponent
SB351,"Wed, Feb 14, 2018",http://www.kslegislature.org/li/b2017_18/committees/ctte_s_fin_inst_ins_1/documents/testimony/20180214_05.pdf,William Sneed,Opponent written-only
SB386,"Wed, Mar 7, 2018",http://www.kslegislature.org/li/b2017_18/committees/ctte_h_hhs_1/documents/testimony/20180307_01.pdf,"Max Foster, Executive Director",SB386 Proponent
SB386,"Wed, Mar 7, 2018",http://www.kslegislature.org/li/b2017_18/committees/ctte_h_hhs_1/documents/testimony/20180307_02.pdf,"Andrew Secor, President Elect",SB386 Proponent written
SB398,"Wed, Mar 7, 2018",http://www.kslegislature.org/li/b2017_18/committees/ctte_h_hhs_1/documents/testimony/20180307_03.pdf,"Chiquita Coggs, Executive Director",SB398 Proponent
HB2027,"Wed, Jan 18, 2017",http://www.kslegislature.org/li/b2017_18/committees/ctte_h_hhs_1/documents/testimony/20170118_07.pdf,W. Ryan Neuhofel,Written Proponent
HB2027,"Wed, Jan 18, 2017",http://www.kslegislature.org/li/b2017_18/committees/ctte_h_hhs_1/documents/testimony/20170118_06.pdf,Josh Umbehr ,Written Proponent
HB2027,"Wed, Jan 18, 2017",http://www.kslegislature.org/li/b2017_18/committees/ctte_h_hhs_1/documents/testimony/20170118_05.pdf,Jared Johnson,Written Proponent
HB2027,"Wed, Jan 18, 2017",http://www.kslegislature.org/li/b2017_18/committees/ctte_h_hhs_1/documents/testimony/20170118_04.pdf,Rachelle Colombo,Proponent
HB2055,"Thu, Jan 19, 2017",http://www.kslegislature.org/li/b2017_18/committees/ctte_h_hhs_1/documents/testimony/20170119_05.pdf,Jody Reel,Proponent
HB2055,"Thu, Jan 19, 2017",http://www.kslegislature.org/li/b2017_18/committees/ctte_h_hhs_1/documents/testimony/20170119_04.pdf,Kansas Independent Pharmacy Service Corporation,Written Proponent
HB2055,"Thu, Jan 19, 2017",http://www.kslegislature.org/li/b2017_18/committees/ctte_h_hhs_1/documents/testimony/20170119_03.pdf,Julie Hein,Proponent
HB2055,"Thu, Jan 19, 2017",http://www.kslegislature.org/li/b2017_18/committees/ctte_h_hhs_1/documents/testimony/20170119_02.pdf,Alexandra Blasi,Proponent
HB2055,"Thu, Jan 19, 2017",http://www.kslegislature.org/li/b2017_18/committees/ctte_h_hhs_1/documents/testimony/20170119_01.pdf,Alexandra Blasi,Proponent
HB2600,"Mon, Feb 12, 2018",http://www.kslegislature.org/li/b2017_18/committees/ctte_h_hhs_1/documents/testimony/20180212_22.pdf,"kimberly Steves, Director",HB2600 Proponent
HB2674,"Mon, Feb 12, 2018",http://www.kslegislature.org/li/b2017_18/committees/ctte_h_hhs_1/documents/testimony/20180212_01.pdf,"Doug Smith, Executive Director",HB2674 Proponent written
HB2674,"Mon, Feb 12, 2018",http://www.kslegislature.org/li/b2017_18/committees/ctte_h_hhs_1/documents/testimony/20180212_02.pdf,"Sunne Mickle, Director of Government Relations",HB2674 Proponent written
HB2674,"Mon, Feb 12, 2018",http://www.kslegislature.org/li/b2017_18/committees/ctte_h_hhs_1/documents/testimony/20180212_03.pdf,"Chad Austin, Senior Vice President Government Relations",HB2674 Proponent written
HB2674,"Mon, Feb 12, 2018",http://www.kslegislature.org/li/b2017_18/committees/ctte_h_hhs_1/documents/testimony/20180212_04.pdf,"Claudia Duck Tucker, Vice President Government Relations",HB2674 Proponent written
HB2674,"Mon, Feb 12, 2018",http://www.kslegislature.org/li/b2017_18/committees/ctte_h_hhs_1/documents/testimony/20180212_05.pdf,"Chad Johanning, MD, Government Advocacy Committee Chair & Elected Secretary.",HB2674 Proponent written
HB2674,"Mon, Feb 12, 2018",http://www.kslegislature.org/li/b2017_18/committees/ctte_h_hhs_1/documents/testimony/20180212_06.pdf,"Robert Moser, MD, Executive Director/CMO",HB2674 Proponent written
HB2674,"Mon, Feb 12, 2018",http://www.kslegislature.org/li/b2017_18/committees/ctte_h_hhs_1/documents/testimony/20180212_07.pdf,"Rachell Colombo, Director of Government Affairs",HB2674 Proponent written
HB2674,"Mon, Feb 12, 2018",http://www.kslegislature.org/li/b2017_18/committees/ctte_h_hhs_1/documents/testimony/20180212_09.pdf,"Susie Ternes, Executive Director",HB2674 Proponent written
